{
  "name": "small",
  "description": "Small: 2 cameras, 10 frames, 0.0px noise",
  "noise_std": 0.0,
  "board_config": {
    "squares_x": 12,
    "squares_y": 9,
    "square_size": 0.06,
    "marker_size": 0.045,
    "dictionary": "DICT_5X5_100"
  },
  "intrinsics": {
    "cam0": {
      "K": [
        [
          1662.7687752661222,
          0.0,
          960.0
        ],
        [
          0.0,
          1662.7687752661222,
          540.0
        ],
        [
          0.0,
          0.0,
          1.0
        ]
      ],
      "dist_coeffs": [
        0.0,
        0.0,
        0.0,
        0.0,
        0.0
      ],
      "image_size": [
        1920,
        1080
      ]
    },
    "cam1": {
      "K": [
        [
          1662.7687752661222,
          0.0,
          960.0
        ],
        [
          0.0,
          1662.7687752661222,
          540.0
        ],
        [
          0.0,
          0.0,
          1.0
        ]
      ],
      "dist_coeffs": [
        0.0,
        0.0,
        0.0,
        0.0,
        0.0
      ],
      "image_size": [
        1920,
        1080
      ]
    }
  },
  "extrinsics": {
    "cam0": {
      "R": [
        [
          1.0,
          -0.0,
          0.0
        ],
        [
          0.0,
          1.0,
          0.0
        ],
        [
          0.0,
          0.0,
          1.0
        ]
      ],
      "t": [
        0.0,
        0.0,
        0.0
      ]
    },
    "cam1": {
      "R": [
        [
          0.9984993371509613,
          -0.05476379925727444,
          0.0
        ],
        [
          0.05476379925727444,
          0.9984993371509613,
          0.0
        ],
        [
          0.0,
          0.0,
          1.0
        ]
      ],
      "t": [
        -0.1497749005726442,
        -0.008214569888591166,
        0.0
      ]
    }
  },
  "water_z_values": {
    "cam0": 0.15,
    "cam1": 0.14688004768127852
  },
  "board_poses": [
    {
      "frame_idx": 0,
      "rvec": [
        0.1033416583577324,
        -0.21248824375608108,
        2.988423371570267
      ],
      "tvec": [
        0.032874725826715606,
        -0.00733458722975372,
        0.3787896879867074
      ]
    },
    {
      "frame_idx": 1,
      "rvec": [
        -0.02597786217033901,
        -0.06764999631670154,
        2.6814435075521947
      ],
      "tvec": [
        0.03133676423884235,
        0.03432771663323446,
        0.26921704490133186
      ]
    },
    {
      "frame_idx": 2,
      "rvec": [
        -0.14281747130411776,
        0.028580527647785015,
        -2.740617007691522
      ],
      "tvec": [
        0.01726381440967975,
        0.038731393592499594,
        0.3165121298240997
      ]
    },
    {
      "frame_idx": 3,
      "rvec": [
        -0.07617002496854883,
        0.2464569092497096,
        2.4700528534335957
      ],
      "tvec": [
        0.03931574063910985,
        0.015799727894647786,
        0.3637131610128061
      ]
    },
    {
      "frame_idx": 4,
      "rvec": [
        -0.23886378966636176,
        -0.1810135986648979,
        1.1501304935075938
      ],
      "tvec": [
        0.033406019648851426,
        -0.03664335505776389,
        0.3200081505590551
      ]
    },
    {
      "frame_idx": 5,
      "rvec": [
        -0.06782713931078635,
        -0.015940539940070497,
        -1.9511089940600619
      ],
      "tvec": [
        0.02937145870893805,
        0.0561011678921052,
        0.2988738037207228
      ]
    },
    {
      "frame_idx": 6,
      "rvec": [
        0.08891439969521847,
        -0.03290717832715018,
        2.0902787534896143
      ],
      "tvec": [
        -0.0444094193597434,
        -0.002915408852887949,
        0.2840364023576326
      ]
    },
    {
      "frame_idx": 7,
      "rvec": [
        0.15957424443132767,
        -0.05891618296813653,
        -1.3299737473283346
      ],
      "tvec": [
        0.024031812240269887,
        -0.022516003034155074,
        0.3748389702092802
      ]
    },
    {
      "frame_idx": 8,
      "rvec": [
        -0.2579445123718985,
        0.15023325274942373,
        1.0357884800150252
      ],
      "tvec": [
        0.021899460476997062,
        -0.04322970196688282,
        0.27998623037126624
      ]
    },
    {
      "frame_idx": 9,
      "rvec": [
        0.03599280603409788,
        -0.1886018507471903,
        -2.421978978318367
      ],
      "tvec": [
        0.024619845435160215,
        0.03368748372263615,
        0.318837366330751
      ]
    }
  ]
}
